{"PUNKTSKY_00004_1km_6106_492": {"model": {"acc": 98.43877135882832, "macc": 98.83420534181211, "miou": 98.43877135882832, "miou_class": {"0": "98.40", "1": "61.26"}, "precision": 0.6154387941963657, "recall": 0.9925034075420264, "cfm": [[169844, 2730], [33, 4369]]}, "whole": {}}, "PUNKTSKY_00005_1km_6219_494": {"model": {"acc": 99.74085102958253, "macc": 94.11180640362564, "miou": 99.74085102958253, "miou_class": {"0": "99.74", "1": "87.79"}, "precision": 0.9942306511999018, "recall": 0.8823465330355684, "cfm": [[851317, 94], [2160, 16199]]}, "whole": {}}, "PUNKTSKY_00004_1km_6106_510": {"model": {"acc": 99.80655602289298, "macc": 97.08754905752292, "miou": 99.80655602289298, "miou_class": {"0": "99.80", "1": "91.86"}, "precision": 0.9733333333333334, "recall": 0.9423636363636364, "cfm": [[231636, 142], [317, 5183]]}, "whole": {}}, "PUNKTSKY_00004_1km_6106_494": {"model": {"acc": 99.52204795351317, "macc": 97.92401520939751, "miou": 99.52204795351317, "miou_class": {"0": "99.51", "1": "75.67"}, "precision": 0.7794871794871795, "recall": 0.9627507163323782, "cfm": [[421104, 1806], [247, 6384]]}, "whole": {}}, "PUNKTSKY_00005_1km_6211_474": {"model": {"acc": 99.92486378162435, "macc": 99.01535484145185, "miou": 99.92486378162435, "miou_class": {"0": "99.92", "1": "97.81"}, "precision": 0.9975707715229644, "recall": 0.9803915327073054, "cfm": [[888173, 75], [616, 30799]]}, "whole": {}}, "PUNKTSKY_00004_1km_6105_518": {"model": {"acc": 97.92760125059877, "macc": 93.49563608470521, "miou": 97.92760125059877, "miou_class": {"0": "97.79", "1": "74.71"}, "precision": 0.8287079004253539, "recall": 0.8835074155298666, "cfm": [[356478, 4913], [3134, 23769]]}, "whole": {}}, "PUNKTSKY_00004_1km_6106_493": {"model": {"acc": 99.80434925062954, "macc": 98.84187372986885, "miou": 99.80434925062954, "miou_class": {"0": "99.80", "1": "90.25"}, "precision": 0.9208376298881574, "recall": 0.9784239359460598, "cfm": [[628075, 998], [256, 11609]]}, "whole": {}}}