{"acc": 99.30929152109567, "macc": 97.04434866691201, "miou": 99.30929152109567, "miou_0": 99.27999999999999, "miou_1": 82.76428571428572, "precision": 0.8728008942933222, "recall": 0.9460410253509772, "cfm": [[3546627, 10758], [6763, 98312]]}