{"PUNKTSKY_00004_1km_6106_492": {"model": {"acc": 99.73894765391917, "macc": 98.9253012543271, "miou": 99.73894765391917, "miou_class": {"0": "99.73", "1": "90.33"}, "precision": 0.9196847038772902, "recall": 0.9806905951840073, "cfm": [[172197, 377], [85, 4317]]}, "whole": {}}, "PUNKTSKY_00005_1km_6219_494": {"model": {"acc": 99.70624417949573, "macc": 94.5977645599476, "miou": 99.70624417949573, "miou_class": {"0": "99.70", "1": "86.51"}, "precision": 0.9655903841621494, "recall": 0.8926412113949561, "cfm": [[850827, 584], [1971, 16388]]}, "whole": {}}, "PUNKTSKY_00004_1km_6106_510": {"model": {"acc": 99.79391262569645, "macc": 98.11947404216731, "miou": 99.79391262569645, "miou_class": {"0": "99.79", "1": "91.55"}, "precision": 0.9482912864555376, "recall": 0.9636363636363636, "cfm": [[231489, 289], [200, 5300]]}, "whole": {}}, "PUNKTSKY_00004_1km_6106_494": {"model": {"acc": 99.52647127980798, "macc": 97.89657310079166, "miou": 99.52647127980798, "miou_class": {"0": "99.52", "1": "75.83"}, "precision": 0.781575401200539, "recall": 0.9621474890665058, "cfm": [[421127, 1783], [251, 6380]]}, "whole": {}}, "PUNKTSKY_00005_1km_6211_474": {"model": {"acc": 99.87245327908157, "macc": 98.29272925833641, "miou": 99.87245327908157, "miou_class": {"0": "99.87", "1": "96.28"}, "precision": 0.9965845648604269, "recall": 0.9659716695845934, "cfm": [[888144, 104], [1069, 30346]]}, "whole": {}}, "PUNKTSKY_00004_1km_6105_518": {"model": {"acc": 97.95309739527266, "macc": 87.407874261093, "miou": 97.95309739527266, "miou_class": {"0": "97.84", "1": "71.79"}, "precision": 0.9410396016566616, "recall": 0.7516633832658068, "cfm": [[360124, 1267], [6681, 20222]]}, "whole": {}}, "PUNKTSKY_00004_1km_6106_493": {"model": {"acc": 99.82962470628985, "macc": 99.10282539771367, "miou": 99.82962470628985, "miou_class": {"0": "99.83", "1": "91.44"}, "precision": 0.9286908077994429, "recall": 0.983480825958702, "cfm": [[628177, 896], [196, 11669]]}, "whole": {}}}