{"acc": 99.4886787313662, "macc": 96.33464883919667, "miou": 99.4886787313662, "miou_0": 99.46857142857144, "miou_1": 86.24714285714286, "precision": 0.9259223928588639, "recall": 0.9286045054415621, "cfm": [[3552085, 5300], [10453, 94622]]}